{"cameraMode":{"drawMode":0,"name":"Shaded","section":"Shading Mode"},"sceneLighting":true,"audioPlay":false,"sceneViewState":{"showFog":true,"showMaterialUpdate":false,"showSkybox":true,"showFlares":true,"showImageEffects":true,"showParticleSystems":true},"in2DMode":false,"pivot":{"x":1.6943798065185547,"y":-1.2717313766479493,"z":-0.27129459381103518},"rotation":{"x":-0.22684091329574586,"y":-0.5997006893157959,"z":0.1853964626789093,"w":-0.7446680068969727},"size":10.183402061462403,"orthographic":false}